city,lat,lng,country,iso2,iso3,population,tehran_distance
Aba,5.1167,7.3667,Nigeria,NG,NGA,1530000,5634.737243474716
Abidjan,5.3167,-4.0333,Côte d'Ivoire,CI,CIV,4980000,6575.533769585313
Abu Dhabi,24.4667,54.3667,United Arab Emirates,AE,ARE,1483000,1280.1500089303747
Abuja,9.0667,7.4833,Nigeria,NG,NGA,3770000,5331.673577770679
Accra,5.55,-0.2,Ghana,GH,GHA,2388000,6230.918394311444
Adana,37.0,35.3213,Turkey,TR,TUR,1765981,1444.701078600107
Addis Ababa,9.03,38.74,Ethiopia,ET,ETH,3041002,3229.8534605248587
Adelaide,-34.9275,138.6,Australia,AU,AUS,1295714,11959.512859600378
Agwār,27.18,78.02,India,IN,IND,1585705,2687.4660598029973
Ahmedabad,23.03,72.58,India,IN,IND,8009000,2480.692078661122
Ahvāz,31.3203,48.6692,Iran,IR,IRN,1261042,547.2792008571766
Akçaabat,41.0167,39.55,Turkey,TR,TUR,1215351,1188.69222331057
Al Başrah,30.515,47.81,Iraq,IQ,IRQ,1326564,664.8100254987284
Aleppo,36.2,37.16,Syria,SY,SYR,1916781,1281.0206895860265
Alexandria,31.1975,29.8925,Egypt,EG,EGY,4870000,2051.489693201018
Algiers,36.7539,3.0589,Algeria,DZ,DZA,3415811,4290.036448261476
Almaty,43.2775,76.8958,Kazakhstan,KZ,KAZ,1916822,2334.5770233127973
Alīgarh,27.88,78.08,India,IN,IND,1131160,2658.0111971102606
Amman,31.9497,35.9328,Jordan,JO,JOR,4007526,1485.2868857798558
Amritsar,31.64,74.86,India,IN,IND,1132383,2212.700519047207
Amsterdam,52.3728,4.8936,Netherlands,NL,NLD,1459402,4063.491858472405
Ankang,32.6877,109.0235,China,CN,CHN,2629906,5234.961062432555
Ankara,39.93,32.85,Turkey,TR,TUR,5503985,1691.9471180197731
Anqing,30.5,117.0333,China,CN,CHN,4723000,6028.848909089579
Anshan,41.1066,122.9895,China,CN,CHN,3645884,6091.241304659041
Anshun,26.2456,105.934,China,CN,CHN,2353100,5238.864661466728
Antalya,36.8874,30.7075,Turkey,TR,TUR,2426356,1854.7942593833127
Antananarivo,-18.9333,47.5167,Madagascar,MG,MDG,2610000,6087.438181065276
Arequipa,-16.4,-71.5333,Peru,PE,PER,1008290,14013.683319662661
Athens,37.9842,23.7281,Greece,GR,GRC,3041131,2465.7452082819264
Atlanta,33.7628,-84.422,United States,US,USA,5046555,11030.888914443261
Auckland,-36.8406,174.74,New Zealand,NZ,NZL,1346091,15011.66437575956
Aurangābād,19.88,75.32,India,IN,IND,1371330,2924.029853956736
Austin,30.3005,-97.7522,United States,US,USA,1659251,11999.752059476987
Bafoussam,5.4667,10.4167,Cameroon,CM,CMR,1146000,5363.99665630872
Bagam,1.0833,104.0333,Indonesia,ID,IDN,1230097,6644.0881733246715
Baghdad,33.3153,44.3661,Iraq,IQ,IRQ,6183000,695.3525100954564
Baicheng,45.6148,122.832,China,CN,CHN,2032356,5925.936948945583
Baicheng,23.901,106.6194,China,CN,CHN,3669400,5416.731808836449
Baishan,41.9377,126.4179,China,CN,CHN,1296127,6328.025323335486
Baiyin,36.5448,104.1766,China,CN,CHN,1708751,4681.102610622254
Baku,40.3667,49.8352,Azerbaijan,AZ,AZE,2300500,537.5956629418054
Balandougou,13.3558,-9.5517,Mali,ML,MLI,1596882,6534.088214353002
Baltimore,39.3051,-76.6144,United States,US,USA,2205092,10118.413474383291
Bamako,12.6458,-7.9922,Mali,ML,MLI,2009109,6438.527786005371
Bamenda,5.9614,10.1517,Cameroon,CM,CMR,2000000,5346.649788192745
Bandar Lampung,-5.45,105.2667,Indonesia,ID,IDN,1166761,7237.47641531103
Bangalore,12.9789,77.5917,India,IN,IND,15386000,3640.4755914256784
Bangkok,13.7525,100.4942,Thailand,TH,THA,18007000,5456.104667241892
Baoding,38.8671,115.4845,China,CN,CHN,11860000,5563.364776241086
Baojishi,34.3609,107.1751,China,CN,CHN,3738700,5011.422269284371
Baoshan,25.1211,99.169,China,CN,CHN,2627000,4682.788057138522
Baotou,40.6562,109.8345,China,CN,CHN,2709378,5044.895779076512
Barcelona,41.3825,2.1769,Spain,ES,ESP,4800000,4269.14837479466
Bareilly,28.364,79.415,India,IN,IND,1000000,2753.8012119145187
Barquisimeto,10.0678,-69.3467,Venezuela,VE,VEN,1059092,11993.65498508429
Barranquilla,10.9833,-74.8019,Colombia,CO,COL,1326588,12351.37089601692
Bazhou,31.8576,106.7559,China,CN,CHN,3283148,5067.751990837718
Beidao,34.602,105.918,China,CN,CHN,1225000,4893.575612177094
Beihai,21.4667,109.1,China,CN,CHN,1853227,5769.1658572954975
Beijing,39.904,116.4075,China,CN,CHN,18522000,5604.634297576268
Bekasi,-6.2349,106.9923,Indonesia,ID,IDN,2381053,7436.080409439025
Belgrade,44.82,20.46,Serbia,RS,SRB,1378682,2793.3875673881707
Belo Horizonte,-19.9167,-43.9333,Brazil,BR,BRA,5328000,11746.442131265378
Belém,-1.4558,-48.5039,Brazil,BR,BRA,1499641,10994.632091746367
Bengbu,32.9354,117.3531,China,CN,CHN,3296408,5948.8738415881935
Benin City,6.3333,5.6222,Nigeria,NG,NGA,1147188,5686.110760477846
Benxi,41.292,123.761,China,CN,CHN,1709538,6145.205039986289
Berlin,52.52,13.405,Germany,DE,DEU,4473101,3504.5576283468204
Bhopāl,23.25,77.4167,India,IN,IND,1798218,2861.1489810912685
Bijie,27.3019,105.2863,China,CN,CHN,6899636,5130.9876851633335
Bilāspur,22.09,82.15,India,IN,IND,1625502,3335.1180786372624
Binzhou,37.3806,118.0125,China,CN,CHN,3928568,5825.784235374425
Birmingham,52.48,-1.9025,United Kingdom,GB,GBR,2919600,4523.155689179695
Bishkek,42.8747,74.6122,Kyrgyzstan,KG,KGZ,1074075,2143.776135692169
Biên Hòa,10.95,106.8167,Vietnam,VN,VNM,1104000,6195.304541756773
Blantyre,-15.7861,35.0058,Malawi,MW,MWI,1895973,5978.237981496319
Boankra,6.6944,-1.4028,Ghana,GH,GHA,3348000,6252.921144074138
Bogor,-6.5966,106.7972,Indonesia,ID,IDN,1030720,7447.985274775236
Bogotá,4.7111,-74.0722,Colombia,CO,COL,7968095,12780.876020775455
Boosaaso,11.2886,49.1819,Somalia,SO,SOM,2000000,2722.3200854614297
Boston,42.3188,-71.0852,United States,US,USA,4208580,9559.126918920752
Bozhou,33.8626,115.7742,China,CN,CHN,4996844,5774.288298907205
Brasília,-15.7939,-47.8828,Brazil,BR,BRA,3039444,11846.827340373735
Brazzaville,-4.2694,15.2714,Congo (Brazzaville),CG,COG,1827000,5820.974245439806
Brisbane,-27.4678,153.0281,Australia,AU,AUS,2360241,12730.28794072837
Bronx,40.8501,-73.8662,United States,US,USA,1472654,9835.741303856215
Brooklyn,40.6501,-73.9496,United States,US,USA,2736074,9857.046396143676
Brussels,50.8467,4.3525,Belgium,BE,BEL,1743000,4079.573235050916
Bucharest,44.4325,26.1039,Romania,RO,ROU,1883425,2348.660869457737
Budapest,47.4925,19.0514,Hungary,HU,HUN,2997958,2963.601552323062
Buenos Aires,-34.5997,-58.3819,Argentina,AR,ARG,16710000,13774.501679430272
Buffalo,42.9018,-78.8487,United States,US,USA,1004655,9925.831649656151
Bujumbura,-3.3833,29.3667,Burundi,BI,BDI,1075000,4912.229473761112
Bukavu,-2.5,28.8667,Congo (Kinshasa),CD,COD,1133000,4848.879319183288
Bursa,40.1833,29.05,Turkey,TR,TUR,2901396,2015.8637693261371
Busan,35.18,129.075,South Korea,KR,KOR,3453198,6834.611045557451
Cacuaco,-8.8053,13.2444,Angola,AO,AGO,1279488,6358.7260060801955
Calgary,51.05,-114.0667,Canada,CA,CAN,1239220,10265.758223034409
Cali,3.4206,-76.5222,Colombia,CO,COL,2471474,13076.879096379373
Callao,-12.0333,-77.1333,Peru,PE,PER,1129854,14238.585686962842
Caloocan City,14.65,120.97,Philippines,PH,PHL,1661584,7234.168748203752
Campinas,-22.9058,-47.0608,Brazil,BR,BRA,1213792,12197.428687119453
Canagatan,18.0,121.8,Philippines,PH,PHL,1273219,7110.224860027273
Cangzhou,38.3037,116.8452,China,CN,CHN,7544300,5695.242403392542
Caracas,10.4806,-66.9036,Venezuela,VE,VEN,2245744,11765.318920760741
Cartagena,10.4,-75.5,Colombia,CO,COL,1036412,12451.102894592737
Casablanca,33.5333,-7.5833,Morocco,MA,MAR,4370000,5319.191689046231
Cawnpore,26.4499,80.3319,India,IN,IND,2701324,2928.4969230079637
Chandīgarh,30.75,76.78,India,IN,IND,1055450,2417.6094293886317
Changchun,43.9,125.2,China,CN,CHN,4408154,6161.414948288444
Changde,29.0397,111.6839,China,CN,CHN,5827200,5623.758997549618
Changsha,28.1987,112.9709,China,CN,CHN,4766296,5776.831973091008
Changshu,31.65,120.7333,China,CN,CHN,1677050,6297.222391257937
Changwon,35.2708,128.6631,South Korea,KR,KOR,1046054,6796.471990399839
Changzhi,36.1953,113.097,China,CN,CHN,3334565,5456.036006707879
Changzhou,31.8122,119.9692,China,CN,CHN,3601079,6223.947065072966
Chaoyang,41.5757,120.4486,China,CN,CHN,3044641,5873.567438065233
Chaozhou,23.67,116.63,China,CN,CHN,2656600,6329.7169358375195
Charlotte,35.2083,-80.8303,United States,US,USA,1516107,10707.041993424535
Chattogram,22.335,91.8325,Bangladesh,BD,BGD,7000000,4168.869415630721
Chelyabinsk,55.15,61.4,Russia,RU,RUS,1202371,2295.2538911323254
Chengdu,30.66,104.0633,China,CN,CHN,14645000,4876.228485762579
Chengtangcun,35.0833,117.15,China,CN,CHN,1603659,5842.469020084366
Chennai,13.0825,80.275,India,IN,IND,12395000,3829.356349606388
Chenzhou,25.7989,113.0267,China,CN,CHN,4744500,5897.681773341093
Chiang Mai,18.7953,98.9986,Thailand,TH,THA,1198000,5010.813767531971
Chicago,41.8375,-87.6866,United States,US,USA,8595181,10441.604866412968
Chifeng,42.2663,118.9223,China,CN,CHN,4341245,5730.24006997178
Chinchvad,18.6186,73.8037,India,IN,IND,1729320,2905.596804805154
Chizhou,30.6583,117.4849,China,CN,CHN,1402518,6061.057628547001
Chongqing,29.55,106.5069,China,CN,CHN,12135000,5140.379875953308
Chongzuo,22.4167,107.3667,China,CN,CHN,2099400,5561.6097897403315
Chuzhou,32.3062,118.3115,China,CN,CHN,3987054,6058.844045107577
Cilacap,-7.7167,109.017,Indonesia,ID,IDN,1174964,7711.859710063676
Cincinnati,39.1413,-84.506,United States,US,USA,1712287,10543.822016026501
Ciudad Nezahualcóyotl,19.4081,-99.0186,Mexico,MX,MEX,1109363,13141.15148393715
Cleveland,41.4764,-81.6805,United States,US,USA,1683059,10193.36579080372
Cologne,50.9364,6.9528,Germany,DE,DEU,1083498,3899.8026451092624
Colombo,6.9344,79.8428,Sri Lanka,LK,LKA,2323826,4314.83273464677
Columbus,39.9862,-82.9855,United States,US,USA,1556848,10392.051412695255
Comayagüela,14.0981,-87.2097,Honduras,HN,HND,1250000,12972.527403131096
Conakry,9.5092,-13.7122,Guinea,GN,GIN,1667864,7150.046990472832
Copenhagen,55.6761,12.5683,Denmark,DK,DNK,1366301,3670.1345272766907
Curitiba,-25.4297,-49.2711,Brazil,BR,BRA,1879355,12533.64660666263
Córdoba,-31.4167,-64.1833,Argentina,AR,ARG,1565112,14133.46709351759
Cần Thơ,10.0333,105.7833,Vietnam,VN,VNM,1237300,6164.657198095362
Dadukou,26.5849,101.7149,China,CN,CHN,1214121,4842.502129943017
Daegu,35.8717,128.6017,South Korea,KR,KOR,2461002,6763.151957303165
Daejeon,36.351,127.385,South Korea,KR,KOR,1475221,6641.594091275505
Dakar,14.6928,-17.4467,Senegal,SN,SEN,1438725,7164.2570783386045
Dalian,38.9,121.6,China,CN,CHN,5871474,6062.949315232636
Dallas,32.7935,-96.7667,United States,US,USA,5668165,11709.77662257189
Damascus,33.5131,36.2919,Syria,SY,SYR,1754000,1401.340081209346
Dandong,40.1167,124.3833,China,CN,CHN,2444697,6239.474059302762
Daqing,46.5979,125.008,China,CN,CHN,2904532,6055.856642763605
Dar es Salaam,-6.8161,39.2803,Tanzania,TZ,TZA,7962000,4893.192329695477
Davao,7.0667,125.6,Philippines,PH,PHL,1776949,8125.798356809408
Dayan,26.8808,100.2208,China,CN,CHN,1296000,4693.939399886349
Dazhou,31.2152,107.4947,China,CN,CHN,5468097,5158.737149972409
Delhi,28.61,77.23,India,IN,IND,32226000,2548.108016235437
Denizli,37.7667,29.0833,Turkey,TR,TUR,1027782,1996.4838624477131
Denpasar,-8.65,115.2167,Indonesia,ID,IDN,1779122,8289.43647349668
Denver,39.762,-104.8758,United States,US,USA,2650725,11279.95757204459
Depok,-6.394,106.8225,Indonesia,ID,IDN,2330333,7434.5458567376645
Detroit,42.3834,-83.1024,United States,US,USA,3522856,10180.69303575861
Deyang,31.1289,104.395,China,CN,CHN,3877000,4887.071223980462
Dezhou,37.4513,116.3105,China,CN,CHN,5611194,5681.395444719273
Dhaka,23.7639,90.3889,Bangladesh,BD,BGD,18627000,3962.227968940028
Dhanbād,23.7998,86.4305,India,IN,IND,1162472,3608.456344083812
Dingxi,35.5806,104.6263,China,CN,CHN,2698624,4749.23311586427
Dingzhou,38.5158,114.9845,China,CN,CHN,1165182,5533.8305661696195
Diyarbakır,37.91,40.24,Turkey,TR,TUR,1732396,1022.2186331441841
Doha,25.2867,51.5333,Qatar,QA,QAT,1186023,1156.7875130740467
Domaa-Ahenkro,7.2833,-2.8833,Ghana,GH,GHA,1000000,6339.918853147281
Dongguan,23.0475,113.7493,China,CN,CHN,10646000,6103.849535919881
Douala,4.05,9.7,Cameroon,CM,CMR,5768400,5531.248824025632
Dubai,25.2631,55.2972,United Arab Emirates,AE,ARE,3331420,1217.9988672698928
Dublin,53.35,-6.2603,Ireland,IE,IRL,1173179,4817.480037673967
Ecatepec,19.6097,-99.06,Mexico,MX,MEX,1929926,13123.154140312843
Edmonton,53.5344,-113.4903,Canada,CA,CAN,1062643,9987.395830806186
El Kelaa des Srarhna,32.0481,-7.4083,Morocco,MA,MAR,1450021,5362.337855515203
Ezhou,30.3972,114.8842,China,CN,CHN,1079353,5845.258628933994
Eşfahān,32.6447,51.6675,Iran,IR,IRN,2219343,339.50139392128347
Faisalabad,31.4167,73.0911,Pakistan,PK,PAK,3203846,2061.7688928231228
Fangchenggang,21.6,108.3,China,CN,CHN,1046068,5689.691951481462
Farīdābād,28.4167,77.3,India,IN,IND,1404653,2563.3324798119156
Fortaleza,-3.7275,-38.5275,Brazil,BR,BRA,2452185,10241.69366268053
Foshan,23.0292,113.1056,China,CN,CHN,9498863,6046.875089099387
Fukuoka,33.5833,130.4,Japan,JP,JPN,2286000,7021.8066251765
Fuqing,25.7232,119.3735,China,CN,CHN,1390487,6467.549087186714
Fushun,41.8708,123.8917,China,CN,CHN,2024000,6134.004073940814
Fuxin,42.0127,121.6486,China,CN,CHN,1819339,5953.221728575158
Fuyang,32.8986,115.8045,China,CN,CHN,8200264,5816.834473268196
Fuzhou,27.9814,116.3577,China,CN,CHN,4047200,6087.5495520753075
Fuzhou,26.0769,119.2917,China,CN,CHN,3671192,6442.140519452927
Fès,34.0433,-5.0033,Morocco,MA,MAR,1112072,5075.5256422435905
Ganzhou,25.8292,114.9336,China,CN,CHN,8970014,6066.718134286631
Gaoping,30.7824,106.1281,China,CN,CHN,2174000,5055.096689403455
Gaozhou,21.9135,110.8481,China,CN,CHN,1414100,5902.841054539913
Gaziantep,37.0628,37.3792,Turkey,TR,TUR,2028563,1262.3489498436888
Ghāziābād,28.67,77.42,India,IN,IND,2375820,2562.212490366482
Giza,29.987,31.2118,Egypt,EG,EGY,5598402,1984.4538121550672
Goiânia,-16.6667,-49.25,Brazil,BR,BRA,1393575,12022.103624672862
Gongzhuling,43.5036,124.8088,China,CN,CHN,1092692,6145.742694813246
Goyang,37.65,126.8,South Korea,KR,KOR,1061929,6536.006349443783
Guadalajara,20.6767,-103.3475,Mexico,MX,MEX,5525000,13205.988971081528
Guangyuan,32.4353,105.8398,China,CN,CHN,2484122,4964.588841595978
Guangzhou,23.13,113.26,China,CN,CHN,26940000,6055.452448738331
Guang’an,30.4673,106.6336,China,CN,CHN,3205476,5112.991231683849
Guankou,28.1417,113.625,China,CN,CHN,1168056,5837.629878728773
Guarulhos,-23.4628,-46.5328,Brazil,BR,BRA,1324781,12183.635040716286
Guatemala City,14.6099,-90.5252,Guatemala,GT,GTM,2934841,13135.247212025452
Guayaquil,-2.19,-79.8875,Ecuador,EC,ECU,2723665,13776.702069721741
Guigang,23.0961,109.6092,China,CN,CHN,4409200,5728.210940877924
Guilin,25.2819,110.2864,China,CN,CHN,5085500,5677.5150280669795
Guiping,23.4,110.0833,China,CN,CHN,1511011,5755.0977908909845
Guiyang,26.5794,106.7078,China,CN,CHN,3299724,5292.615166844446
Gujranwala,32.1567,74.19,Pakistan,PK,PAK,2027001,2135.104015233027
Gulou,26.0865,119.298,China,CN,CHN,2606000,6442.208412660295
Guwāhāti,26.1722,91.7458,India,IN,IND,1116267,3962.1361153452362
Guyuan,36.008,106.2782,China,CN,CHN,1426000,4878.633417755927
Gwalior,26.2215,78.178,India,IN,IND,1069276,2751.5501183288857
Gwangju,35.1653,126.8486,South Korea,KR,KOR,1490092,6651.88707959332
Gāzipura,23.9889,90.375,Bangladesh,BD,BGD,1199215,3949.0327563610617
Haicheng,40.8523,122.7474,China,CN,CHN,1293877,6081.465757956084
Haikou,20.02,110.32,China,CN,CHN,2873358,5959.077078349737
Haiphong,20.8651,106.6838,Vietnam,VN,VNM,2103500,5583.855003658527
Hamburg,53.55,10.0,Germany,DE,DEU,2484800,3754.9503532342897
Hanchuan,30.652,113.8274,China,CN,CHN,1092700,5741.139879838282
Handan,36.6116,114.4894,China,CN,CHN,2708015,5558.954281550527
Hangzhou,30.25,120.1675,China,CN,CHN,9523000,6313.639175959137
Hanoi,21.0283,105.8542,Vietnam,VN,VNM,8246600,5499.995838885063
Hanzhong,33.0794,107.026,China,CN,CHN,3416196,5044.80625108484
Harare,-17.8292,31.0522,Zimbabwe,ZW,ZWE,2150000,6324.958814403909
Harbin,45.75,126.6333,China,CN,CHN,3830000,6203.555515124882
Hargeysa,9.5631,44.0675,Somalia,SO,SOM,1200000,2998.1810705450353
Havana,23.1367,-82.3589,Cuba,CU,CUB,2141652,11863.566093177204
Hebi,35.7497,114.2887,China,CN,CHN,1569208,5573.604646215407
Hechi,24.6928,108.085,China,CN,CHN,3545700,5508.798908033607
Hefei,31.8639,117.2808,China,CN,CHN,4216940,5989.21571214502
Hegang,47.3139,130.2775,China,CN,CHN,1058665,6411.392236616418
Heihe,50.2458,127.4886,China,CN,CHN,1673899,6118.014650095497
Helsinki,60.1708,24.9375,Finland,FI,FIN,1268296,3313.1550330639056
Hengshui,37.7348,115.686,China,CN,CHN,4472000,5619.149334330121
Hengyang,26.8968,112.5857,China,CN,CHN,7243400,5804.421058278339
Heyuan,23.7503,114.6923,China,CN,CHN,3093900,6151.644215976068
Heze,35.2333,115.4333,China,CN,CHN,8795939,5690.6165904893805
Hezhou,24.4164,111.5478,China,CN,CHN,2072600,5834.59448594769
Hiroshima,34.3914,132.4519,Japan,JP,JPN,1198021,7149.965425033618
Ho Chi Minh City,10.7756,106.7019,Vietnam,VN,VNM,15136000,6196.5699270345185
Hohhot,40.8151,111.6629,China,CN,CHN,3446100,5190.264776895032
Hong Kong,22.3,114.2,Hong Kong,HK,HKG,7450000,6184.293512977269
Houston,29.786,-95.3885,United States,US,USA,5650910,11947.880379408669
Huaibei,33.9562,116.789,China,CN,CHN,2114276,5857.491695474534
Huaihua,27.5494,109.9592,China,CN,CHN,4979600,5538.632880745402
Huainan,32.4831,117.0164,China,CN,CHN,2333896,5939.29154525095
Huaiyin,33.5819,119.028,China,CN,CHN,1264000,6064.784547732536
Huai’an,33.5058,119.1392,China,CN,CHN,2632788,6077.564207037875
Huanggang,30.45,114.875,China,CN,CHN,6333000,5842.088469596636
Huanglongsi,34.795,114.345,China,CN,CHN,4824016,5614.667392490406
Huangshan,29.7132,118.3151,China,CN,CHN,1358980,6177.3872478004905
Huangshi,30.2018,115.0326,China,CN,CHN,2471700,5867.070850538225
Huazhou,32.6832,112.079,China,CN,CHN,1468061,5502.29068782662
Huazhou,21.654,110.6294,China,CN,CHN,1302100,5897.1100371293005
Huizhou,23.1115,114.4152,China,CN,CHN,2509243,6160.367366890399
Huludao,40.7094,120.8378,China,CN,CHN,2623541,5934.643970862727
Huzhou,30.8925,120.0875,China,CN,CHN,1558826,6276.535454759342
Hyderabad City,25.3792,68.3683,Pakistan,PK,PAK,1732693,1984.7325278202172
Hyderābād,17.385,78.4867,India,IN,IND,10494000,3357.5027701259223
Hāora,22.58,88.3294,India,IN,IND,1077075,3844.4103730382712
Ibadan,7.3964,3.9167,Nigeria,NG,NGA,3552000,5750.768005214937
Ikare,7.5167,5.75,Nigeria,NG,NGA,1099931,5588.662767098535
Incheon,37.4833,126.6333,South Korea,KR,KOR,2936117,6529.809945164844
Indianapolis,39.7771,-86.1458,United States,US,USA,1659305,10563.8812498693
Indore,22.7167,75.8472,India,IN,IND,1994397,2765.6666771212695
Islamabad,33.6931,73.0639,Pakistan,PK,PAK,1014825,1990.0109911803281
Istanbul,41.0136,28.955,Turkey,TR,TUR,16079000,2037.300010186089
Jabalpur,23.1667,79.9333,India,IN,IND,1267564,3079.365352827831
Jacksonville,30.3322,-81.6749,United States,US,USA,1220191,11186.800041074739
Jaipur,26.9,75.8,India,IN,IND,3073350,2508.092043492646
Jakarta,-6.175,106.8275,Indonesia,ID,IDN,33756000,7418.246620143554
Jamshedpur,22.7925,86.1842,India,IN,IND,1558000,3643.381828016051
Jeddah,21.5433,39.1728,Saudi Arabia,SA,SAU,3976000,1970.057875261256
Jepara,-6.5333,110.6667,Indonesia,ID,IDN,1257912,7757.609842029797
Jiamusi,46.8081,130.3653,China,CN,CHN,2552097,6436.492531185341
Jiangguanchi,34.0244,113.8201,China,CN,CHN,4379998,5599.682052298868
Jiangmen,22.5833,113.0833,China,CN,CHN,4630300,6068.536965079377
Jianguang,28.1958,115.7833,China,CN,CHN,1507402,6026.430460495743
Jiangyin,31.9087,120.2653,China,CN,CHN,1285785,6245.059582448597
Jiaozuo,35.229,113.2304,China,CN,CHN,3590700,5502.776769595309
Jiaxing,30.7522,120.75,China,CN,CHN,1518654,6340.4849259090215
Jieyang,23.5533,116.3649,China,CN,CHN,6089400,6312.110933133435
Jilin,43.8519,126.5481,China,CN,CHN,2396000,6265.307448890204
Jinan,36.6667,116.9833,China,CN,CHN,5606374,5766.753349565236
Jincheng,35.4906,112.8483,China,CN,CHN,2279146,5460.414957735131
Jingdezhen,29.2942,117.2036,China,CN,CHN,1673200,6099.633077375419
Jingling,30.6667,113.1667,China,CN,CHN,1247400,5682.421144438182
Jinhua,29.1046,119.6494,China,CN,CHN,1463990,6323.165265140573
Jining,35.4,116.5667,China,CN,CHN,8357897,5780.423546464815
Jinzhou,41.1144,121.1292,China,CN,CHN,3126463,5943.532929996667
Jiujiang,29.7048,116.0021,China,CN,CHN,4896800,5974.921001035785
Jixi,45.2937,130.965,China,CN,CHN,1862165,6538.4481841229735
Ji’an,27.1172,114.9793,China,CN,CHN,4956600,6007.111836740242
Jodhpur,26.28,73.02,India,IN,IND,1033918,2305.0440286729763
Johannesburg,-26.2044,28.0456,South Africa,ZA,ZAF,8000000,7305.868163851129
Juárez,31.7386,-106.487,Mexico,MX,MEX,1321004,12170.315521296678
Kabul,34.5253,69.1783,Afghanistan,AF,AFG,4273156,1621.1726324158699
Kaiyuan,36.0656,113.8153,China,CN,CHN,1160000,5521.728821543433
Kalamboli,19.2333,73.1333,India,IN,IND,1246381,2807.4104689980413
Kampala,0.3136,32.5811,Uganda,UG,UGA,1680600,4388.354863367438
Kananga,-5.897,22.4488,Congo (Kinshasa),CD,COD,1971704,5524.0224875821905
Kano,12.0,8.5167,Nigeria,NG,NGA,3848885,5036.000953017797
Kansas City,39.1238,-94.5541,United States,US,USA,1644497,10991.941274098514
Kaohsiung,22.615,120.2975,Taiwan,TW,TWN,2733566,6714.761020631496
Karachi,24.86,67.01,Pakistan,PK,PAK,15738000,1919.1455493368626
Karaj,35.8272,50.9489,Iran,IR,IRN,1973470,42.56492445062726
Kawasaki,35.5167,139.7,Japan,JP,JPN,1539522,7672.2487798313205
Kayseri,38.7225,35.4875,Turkey,TR,TUR,1389680,1446.055064078187
Kazan,55.7964,49.1089,Russia,RU,RUS,1243500,2242.5073829725566
Kharkiv,49.9925,36.2311,Ukraine,UA,UKR,1446107,2006.0586353519577
Khartoum,15.5006,32.56,Sudan,SD,SDN,7869000,2921.651719604549
Khulna,22.8167,89.55,Bangladesh,BD,BGD,1400689,3939.173989730394
Kigali,-1.9536,30.0606,Rwanda,RW,RWA,1156663,4735.556524382292
Kinshasa,-4.325,15.3222,Congo (Kinshasa),CD,COD,12836000,5822.4968448718555
Kolkāta,22.5675,88.37,India,IN,IND,18502000,3848.704963130217
Konya,37.8667,32.4833,Turkey,TR,TUR,2232374,1698.1101542131096
Kota,25.18,75.83,India,IN,IND,1001694,2608.3041910934426
Kowloon,22.3167,114.1833,Hong Kong,HK,HKG,2108419,6181.892032367728
Krasnoyarsk,56.0089,92.8719,Russia,RU,RUS,1083865,3839.1324934745344
Kuaidamao,41.7302,125.9471,China,CN,CHN,2324439,6299.552587450257
Kuala Lumpur,3.1478,101.6953,Malaysia,MY,MYS,8911000,6297.411272642729
Kumasi,6.6667,-1.6167,Ghana,GH,GHA,2069350,6273.242896154804
Kunming,25.0433,102.7061,China,CN,CHN,4422686,5006.042740848514
Kuwait City,29.3697,47.9783,Kuwait,KW,KWT,3000000,771.8675238432218
Kyiv,50.45,30.5233,Ukraine,UA,UKR,2963199,2343.948182287311
Kyōto,35.0117,135.7683,Japan,JP,JPN,1464890,7386.694920718584
Kōbe,34.69,135.1956,Japan,JP,JPN,1521707,7357.423822947495
La Paz,-16.5,-68.15,Bolivia,BO,BOL,2867504,13714.923537137236
Lagos,6.455,3.3841,Nigeria,NG,NGA,16637000,5863.45007501182
Lahore,31.5497,74.3436,Pakistan,PK,PAK,12306000,2169.4158026224745
Laibin,23.7333,109.2333,China,CN,CHN,2233900,5661.177214590608
Laiwu,36.1833,117.6667,China,CN,CHN,1248636,5842.6935574586005
Langfang,39.5196,116.7006,China,CN,CHN,5464087,5641.333539032967
Lanzhou,36.0617,103.8318,China,CN,CHN,3067141,4665.616427317695
Las Vegas,36.2333,-115.2654,United States,US,USA,2150373,11899.454265783823
Leiyang,26.4179,112.8457,China,CN,CHN,1151554,5850.944917549084
Leizhou,20.9147,110.0806,China,CN,CHN,1494700,5887.869583507931
Leshan,29.5854,103.7575,China,CN,CHN,3235759,4893.098584224665
León de los Aldama,21.1167,-101.6833,Mexico,MX,MEX,1579803,13091.159342729577
Liangshi,27.2578,111.7351,China,CN,CHN,1335900,5711.128489921207
Lianjiang,21.6146,110.2794,China,CN,CHN,1509400,5867.6447608416065
Lianshan,40.7523,120.828,China,CN,CHN,2426000,5932.339465821903
Lianyuan,27.6961,111.6659,China,CN,CHN,1162928,5684.202605586259
Liaocheng,36.45,115.9833,China,CN,CHN,5952128,5690.857555830837
Liaoyang,41.2643,123.1772,China,CN,CHN,1858768,6100.2442361464755
Liaoyuan,42.8976,125.1381,China,CN,CHN,1176239,6192.910406502758
Lima,-12.06,-77.0375,Peru,PE,PER,10320000,14231.929700529836
Lincang,23.8864,100.0871,China,CN,CHN,2536000,4827.64397527341
Linfen,36.0812,111.5087,China,CN,CHN,4316610,5324.86211912779
Lingcheng,22.7,110.35,China,CN,CHN,1211637,5815.902347946503
Linhai,28.8523,121.1409,China,CN,CHN,1028813,6465.882062311256
Linyi,35.1041,118.3502,China,CN,CHN,11018365,5943.3642917063025
Lisbon,38.7253,-9.15,Portugal,PT,PRT,2719000,5273.001243063642
Lishui,28.45,119.9167,China,CN,CHN,2507396,6378.4337503913775
Liuzhou,24.3264,109.4281,China,CN,CHN,4157934,5648.354236279959
London,51.5072,-0.1275,United Kingdom,GB,GBR,11262000,4396.532399332266
Longba,33.535,105.349,China,CN,CHN,2567718,4880.970305478152
Longyan,25.0881,117.0244,China,CN,CHN,2723637,6291.083677224388
Los Angeles,34.1141,-118.4068,United States,US,USA,12121244,12181.258638727928
Loudi,27.7378,111.9974,China,CN,CHN,3931800,5711.803394671036
Louisville,38.1663,-85.6485,United States,US,USA,1022630,10689.2492169222
Luanda,-8.8383,13.2344,Angola,AO,AGO,9051000,6362.325994898217
Lubumbashi,-11.6647,27.4794,Congo (Kinshasa),CD,COD,1786397,5834.12682597371
Lucknow,26.85,80.95,India,IN,IND,3382000,2962.8480685511054
Ludhiāna,30.91,75.85,India,IN,IND,1618879,2328.042727528861
Luohe,33.583,114.0109,China,CN,CHN,2544266,5633.714720681921
Luoyang,34.6587,112.4245,China,CN,CHN,2372571,5455.038039646475
Lusaka,-15.4167,28.2833,Zambia,ZM,ZMB,2467563,6181.599406978596
Luzhou,28.8918,105.4409,China,CN,CHN,4218427,5073.535824913645
Lu’an,31.7542,116.5078,China,CN,CHN,5611701,5926.952223692436
Maceió,-9.6658,-35.735,Brazil,BR,BRA,1025360,10375.846264908207
Madrid,40.4169,-3.7033,Spain,ES,ESP,6211000,4774.421847303739
Madurai,9.9252,78.1198,India,IN,IND,1561129,3936.703346035656
Maiduguri,11.8333,13.15,Nigeria,NG,NGA,1197497,4662.017989670837
Makassar,-5.1619,119.4362,Indonesia,ID,IDN,1338663,8398.294871659373
Malang,-7.98,112.62,Indonesia,ID,IDN,2795209,8025.462542395292
Managua,12.1544,-86.2738,Nicaragua,NI,NIC,1028808,13082.15416243479
Manaus,-3.1,-60.0167,Brazil,BR,BRA,2219580,12133.535815477951
Manchester,53.4794,-2.2453,United Kingdom,GB,GBR,2705000,4551.990826493133
Mandalay,21.9831,96.0844,Myanmar,MM,MMR,1319452,4568.241381686782
Manhattan,40.7834,-73.9662,United States,US,USA,1694263,9846.873001577229
Manila,14.5958,120.9772,Philippines,PH,PHL,24922000,7238.0950762079565
Maoming,21.6618,110.9178,China,CN,CHN,6313200,5922.722373666656
Maputo,-25.9667,32.5833,Mozambique,MZ,MOZ,1191613,7134.787226366663
Maracaibo,10.6333,-71.6333,Venezuela,VE,VEN,2658355,12132.374509870277
Mashhad,36.3,59.6,Iran,IR,IRN,3372090,741.5984687129378
Matola,-25.9667,32.4667,Mozambique,MZ,MOZ,1032197,7138.187685367539
Ma’anshan,31.6858,118.5101,China,CN,CHN,2202899,6103.628744721389
Mbandaka,0.0478,18.2558,Congo (Kinshasa),CD,COD,1187837,5238.159830537592
Mbuji-Mayi,-6.15,23.6,Congo (Kinshasa),CD,COD,2643000,5483.663733115745
Mecca,21.4225,39.8233,Saudi Arabia,SA,SAU,1675368,1943.9918388917
Medan,3.5894,98.6739,Indonesia,ID,IDN,3632000,6015.460636144701
Medellín,6.2308,-75.5906,Colombia,CO,COL,2529403,12785.564714778267
Medina,24.47,39.61,Saudi Arabia,SA,SAU,1180770,1682.6856717842934
Meerut,28.98,77.71,India,IN,IND,1305429,2573.9844104047193
Meishan,30.0575,103.8381,China,CN,CHN,2950545,4880.661799820592
Meizhou,24.2998,116.1191,China,CN,CHN,4378800,6250.930136271006
Melbourne,-37.8142,144.9631,Australia,AU,AUS,4529500,12613.179514464528
Memphis,35.1087,-89.9663,United States,US,USA,1034498,11182.725158410585
Mersin,36.8,34.6333,Turkey,TR,TUR,1814468,1505.7526236727613
Meru,0.05,37.65,Kenya,KE,KEN,1833000,4210.346846720121
Mexicali,32.6633,-115.4678,Mexico,MX,MEX,1102342,12292.322483043541
Mexico City,19.4333,-99.1333,Mexico,MX,MEX,21804000,13144.119420095158
Miami,25.784,-80.2101,United States,US,USA,5711945,11497.7577565799
Mianyang,31.4669,104.7385,China,CN,CHN,4868243,4904.319808945236
Milan,45.4669,9.19,Italy,IT,ITA,1366180,3679.119326044748
Milwaukee,43.0642,-87.9675,United States,US,USA,1340981,10338.312609361357
Minneapolis,44.9635,-93.2678,United States,US,USA,2856952,10367.738459102125
Minsk,53.9,27.5667,Belarus,BY,BLR,2009786,2736.8201561542714
Mirzāpur,25.146,82.569,India,IN,IND,2496970,3194.4215477448724
Mizhou,35.99,119.3801,China,CN,CHN,1060000,5994.203904535312
Mogadishu,2.0392,45.3419,Somalia,SO,SOM,4249083,3793.3225175665298
Mombasa,-4.05,39.6667,Kenya,KE,KEN,1208333,4584.607821295073
Monrovia,6.3133,-10.8014,Liberia,LR,LBR,1021762,7099.444876623328
Monterrey,25.6667,-100.3,Mexico,MX,MEX,5341171,12572.44907311368
Montevideo,-34.8836,-56.1819,Uruguay,UY,URY,1719453,13602.347679841196
Montréal,45.5089,-73.5617,Canada,CA,CAN,3519595,9432.75621209648
Moscow,55.7558,37.6178,Russia,RU,RUS,17332000,2463.7000221815892
Mosul,36.34,43.13,Iraq,IQ,IRQ,1694000,746.1061432884192
Mudanjiang,44.5861,129.5997,China,CN,CHN,2798723,6465.8955316987385
Multan,30.1978,71.4697,Pakistan,PK,PAK,1871843,1966.5645538545184
Mumbai,19.0761,72.8775,India,IN,IND,24973000,2800.986587753041
Munich,48.1375,11.575,Germany,DE,DEU,2606021,3524.852944728577
Muscat,23.6139,58.5922,Oman,OM,OMN,1421409,1511.1934970241387
Nagoya,35.1833,136.9,Japan,JP,JPN,9197000,7468.266418681753
Nairobi,-1.2864,36.8172,Kenya,KE,KEN,5545000,4380.68501295407
Najafgarh,28.6092,76.9798,India,IN,IND,1203180,2525.947826872447
Nanchang,28.6842,115.8872,China,CN,CHN,3576547,6012.420017704499
Nanchong,30.7991,106.0784,China,CN,CHN,6278614,5049.999044020937
Nangandao,35.2992,113.8851,China,CN,CHN,5708191,5556.098654128257
Nanjing,32.0608,118.7789,China,CN,CHN,8422000,6110.066122746362
Nanning,22.8192,108.315,China,CN,CHN,3837978,5625.952461406849
Nanping,26.6448,118.1728,China,CN,CHN,2690000,6314.133873143211
Nantong,31.9829,120.8873,China,CN,CHN,2261382,6295.168639439538
Nanyang,32.9987,112.5292,China,CN,CHN,10013600,5528.773561541618
Nashville,36.1715,-86.7842,United States,US,USA,1098486,10929.747552847293
Nay Pyi Taw,19.7475,96.115,Myanmar,MM,MMR,1160242,4697.935712667222
Neijiang,29.5872,105.0635,China,CN,CHN,3702847,5009.862555979657
New York,40.6943,-73.9249,United States,US,USA,18972871,9851.985611087963
Nezahualcóyotl,19.4006,-99.0148,Mexico,MX,MEX,1077208,13141.712734675028
Niamey,13.515,2.1175,Niger,NE,NER,1026848,5486.092620994478
Ningbo,29.875,121.5492,China,CN,CHN,4087523,6451.619082423819
Ningde,26.6617,119.5228,China,CN,CHN,2910000,6432.8516556659615
Nizhniy Novgorod,56.3269,44.0075,Russia,RU,RUS,1264075,2361.3432902722802
Nouakchott,18.0858,-15.9785,Mauritania,MR,MRT,1077169,6830.835051666291
Novosibirsk,55.0333,82.9167,Russia,RU,RUS,1625631,3221.797605087548
Nur-Sultan,51.1472,71.4222,Kazakhstan,KZ,KAZ,1078362,2345.430874287609
Nāgpur,21.1497,79.0806,India,IN,IND,2405665,3136.913500879485
Nārāyanganj,23.62,90.5,Bangladesh,BD,BGD,1572386,3979.842807200019
Nāsik,20.0,73.78,India,IN,IND,1486053,2796.5187755421257
N’Djamena,12.11,15.05,Chad,TD,TCD,1092066,4487.020962303097
Odesa,46.4775,30.7326,Ukraine,UA,UKR,1017699,2095.9896022079774
Ogbomoso,8.1333,4.25,Nigeria,NG,NGA,1032000,5669.864091702532
Omdurman,15.65,32.4833,Sudan,SD,SDN,2805396,2913.169734366695
Omsk,54.9667,73.3833,Russia,RU,RUS,1178391,2723.7141365640746
Onitsha,6.1667,6.7833,Nigeria,NG,NGA,1483000,5603.019793329855
Orlando,28.4773,-81.337,United States,US,USA,1927699,11330.900665778552
Oslo,59.9133,10.7389,Norway,NO,NOR,1064235,3951.965215218618
Ouagadougou,12.3686,-1.5275,Burkina Faso,BF,BFA,2453496,5881.228422134711
Palembang,-2.9861,104.7556,Indonesia,ID,IDN,1535952,7008.215330178294
Panama City,8.9833,-79.5167,Panama,PA,PAN,1500189,12869.209749112382
Paris,48.8567,2.3522,France,FR,FRA,11060000,4208.360015626881
Patna,25.6,85.1,India,IN,IND,1684222,3394.6949442516334
Perm,58.0139,56.2489,Russia,RU,RUS,1048005,2508.2094923944474
Perth,-31.9559,115.8606,Australia,AU,AUS,2141834,10082.665224822027
Peshawar,34.0144,71.5675,Pakistan,PK,PAK,1970042,1847.4185144191317
Philadelphia,40.0077,-75.1339,United States,US,USA,5512873,9976.880765660133
Phnom Penh,11.5694,104.9211,Cambodia,KH,KHM,2129371,5987.562244130547
Phoenix,33.5722,-112.0892,United States,US,USA,4047095,12124.26440914861
Pikine,14.75,-17.4,Senegal,SN,SEN,1170791,7156.586105312832
Pingdingshan,33.735,113.2999,China,CN,CHN,4904701,5566.224617353736
Pingdu,36.7833,119.9556,China,CN,CHN,1378900,6010.487693522215
Pingliang,35.5412,106.6819,China,CN,CHN,2068033,4928.527648572748
Pingxiang,27.6333,113.85,China,CN,CHN,1933200,5881.745866391183
Pittsburgh,40.4397,-79.9763,United States,US,USA,1720279,10199.314431550922
Pizhou,34.3422,118.0097,China,CN,CHN,1458038,5945.78844411884
Port Harcourt,4.8242,7.0336,Nigeria,NG,NGA,1865000,5683.901807726878
Portland,45.5371,-122.65,United States,US,USA,2036875,10963.308256621522
Porto,41.1621,-8.622,Portugal,PT,PRT,1278210,5159.5237243242
Porto Alegre,-30.0331,-51.23,Brazil,BR,BRA,1484941,12949.944419309217
Prague,50.0875,14.4214,Czechia,CZ,CZE,1335084,3363.6671285254465
Prayagraj,25.4358,81.8464,India,IN,IND,5954391,3115.244727615035
Providence,41.823,-71.4187,United States,US,USA,1270149,9618.138267041093
Pudong,31.2231,121.5397,China,CN,CHN,5681512,6386.571749186467
Puebla,19.0333,-98.1833,Mexico,MX,MEX,1576259,13137.726292916288
Pune,18.5203,73.8567,India,IN,IND,8231000,2917.299530401507
Puning,23.2993,116.1586,China,CN,CHN,2118200,6307.0506206737045
Putian,25.4394,119.0103,China,CN,CHN,3210714,6449.914504984422
Puyang,35.7639,115.03,China,CN,CHN,3598740,5636.041954539153
Pyongyang,39.0194,125.7381,North Korea,KP,PRK,2863000,6392.012557599725
Qinbaling,35.7278,107.64,China,CN,CHN,2211191,5005.0994498781065
Qincheng,34.5809,105.7311,China,CN,CHN,3262549,4878.002868490689
Qingdao,36.1167,120.4,China,CN,CHN,5818255,6074.41130632752
Qingyang,24.8141,118.5792,China,CN,CHN,2111000,6443.980078884743
Qingyuan,23.6842,113.0507,China,CN,CHN,3969473,6007.554760194176
Qinhuangdao,39.9398,119.5881,China,CN,CHN,3146300,5861.538860032903
Qinzhou,21.95,108.6167,China,CN,CHN,3304400,5699.420648801841
Qiqihar,47.3398,123.9512,China,CN,CHN,5367003,5955.863613657756
Qom,34.64,50.8764,Iran,IR,IRN,1201158,125.62287071532157
Quanzhou,24.9139,118.5858,China,CN,CHN,8782285,6439.37024674605
Queens,40.7498,-73.7976,United States,US,USA,2405464,9840.250491669824
Quetta,30.1833,67.0,Pakistan,PK,PAK,1001205,1577.8857965776615
Quezon City,14.63,121.03,Philippines,PH,PHL,2960048,7240.795897068995
Quito,-0.22,-78.5125,Ecuador,EC,ECU,2011388,13515.670215307799
Qujing,25.5102,103.8029,China,CN,CHN,6155400,5082.185799720075
Quảng Hà,15.9333,108.2667,Vietnam,VN,VNM,1000000,6011.458586166964
Raipur,21.25,81.63,India,IN,IND,1010087,3343.8147233258865
Raleigh,35.8324,-78.6429,United States,US,USA,1062018,10530.633577682307
Rangapukur,25.56,89.25,Bangladesh,BD,BGD,1031388,3767.597672321727
Rangoon,16.795,96.16,Myanmar,MM,MMR,5209541,4881.270889749957
Rawalpindi,33.6,73.0333,Pakistan,PK,PAK,2098231,1989.5189039964976
Recife,-8.05,-34.9,Brazil,BR,BRA,1653461,10196.43503729449
Richmond,37.5295,-77.4756,United States,US,USA,1008069,10318.437907776479
Rio de Janeiro,,-43.2056,Brazil,BR,BRA,12592000,
Riverside,33.9381,-117.3949,United States,US,USA,2022285,12185.63742066445
Riyadh,24.6333,46.7167,Saudi Arabia,SA,SAU,7237000,1308.3599081341388
Rizhao,35.4164,119.4331,China,CN,CHN,2968365,6022.008831349424
Rome,41.8931,12.4828,Italy,IT,ITA,2872800,3411.4515018521174
Rongcheng,29.8239,112.9019,China,CN,CHN,1162770,5696.338865525099
Rongcheng,26.2312,104.0966,China,CN,CHN,1302891,5073.990912411864
Rosario,-32.9575,-60.6394,Argentina,AR,ARG,1276000,13894.696478388316
Rostov,47.2333,39.7,Russia,RU,RUS,1137704,1607.5730671305444
Rucheng,32.3852,120.5634,China,CN,CHN,1267066,6249.042226649849
Rui’an,27.778,120.6526,China,CN,CHN,1424667,6476.326125488792
Rājkot,22.3,70.7833,India,IN,IND,1335397,2394.84082574679
Rānchi,23.36,85.33,India,IN,IND,1073440,3536.0036994492116
Sacramento,38.5677,-121.4685,United States,US,USA,1924167,11725.499728206563
Saidu Sharif,34.75,72.3572,Pakistan,PK,PAK,1860310,1904.0172002774277
Saint Petersburg,59.95,30.3167,Russia,RU,RUS,5384342,3092.5009613088973
Saitama,35.8614,139.6456,Japan,JP,JPN,1325843,7649.089385599605
Salt Lake City,40.7776,-111.9311,United States,US,USA,1135344,11343.303330926168
Salvador,-12.9747,-38.4767,Brazil,BR,BRA,2886698,10832.509993314663
Samara,53.2028,50.1408,Russia,RU,RUS,1169719,1949.8655294595985
Samsun,41.2903,36.3336,Turkey,TR,TUR,1335716,1448.1218598298801
San Antonio,29.4632,-98.5238,United States,US,USA,1910785,12115.920496687037
San Diego,32.8313,-117.1222,United States,US,USA,3084174,12302.59964606664
San Francisco,37.7558,-122.4449,United States,US,USA,3290197,11823.696969113906
San Jose,37.3012,-121.848,United States,US,USA,1729879,11868.994153980846
San José,9.9325,-84.08,Costa Rica,CR,CRI,1543000,13122.525984284077
San Juan,18.3985,-66.061,Puerto Rico,PR,PRI,1915105,11103.20580306769
Sanaa,15.3483,44.2064,Yemen,YE,YEM,2957000,2371.8909471959423
Sangereng,-6.2889,106.7181,Indonesia,ID,IDN,1644899,7418.133717395661
Sanmenxia,34.7736,111.195,China,CN,CHN,2234018,5344.877159984676
Sanming,26.2658,117.6302,China,CN,CHN,2580000,6285.04154729965
Santa Cruz,-17.7892,-63.1975,Bolivia,BO,BOL,3151676,13343.408443186081
Santiago,19.4572,-70.6889,Dominican Republic,DO,DOM,1343423,11370.939308267069
Santiago,-33.4372,-70.6506,Chile,CL,CHL,7171000,14780.393455728172
Santo Domingo,18.4764,-69.8933,Dominican Republic,DO,DOM,2581827,11388.81734492444
Santos,-23.9369,-46.325,Brazil,BR,BRA,1897551,12192.972531472353
Sanya,18.2533,109.5036,China,CN,CHN,1031396,5985.824351757248
Sanzhou,30.82,108.4,China,CN,CHN,1680000,5255.1371966352335
Sapporo,43.0667,141.35,Japan,JP,JPN,1961690,7394.324031222195
Seattle,47.6211,-122.3244,United States,US,USA,3438221,10730.290395773995
Semarang,-6.9667,110.4167,Indonesia,ID,IDN,1621384,7769.360294228853
Sendai,38.2682,140.8694,Japan,JP,JPN,1061177,7612.757135966111
Seoul,37.56,126.99,South Korea,KR,KOR,23016000,6555.335957430169
Sevilla,37.24,-5.99,Spain,ES,ESP,1100000,5053.138111825926
Shagamu,6.8333,3.65,Nigeria,NG,NGA,1132270,5813.775097054042
Shanghai,31.1667,121.4667,China,CN,CHN,24073000,6382.927259833599
Shangqiu,34.4259,115.6467,China,CN,CHN,7816831,5740.61019614035
Shangrao,28.4419,117.9633,China,CN,CHN,6810700,6207.094064313328
Shangzhou,33.868,109.9244,China,CN,CHN,2341742,5268.531848120433
Shantou,23.3735,116.6941,China,CN,CHN,4312192,6351.158634957418
Shanwei,22.7664,115.3331,China,CN,CHN,2993600,6261.265462312907
Shaoguan,24.8011,113.5927,China,CN,CHN,2997600,5998.660090271059
Shaoxing,30.0,120.5833,China,CN,CHN,2521964,6361.6736223233
Shaoyang,32.9387,119.8404,China,CN,CHN,1253548,6162.322370199271
Shaoyang,27.2418,111.4725,China,CN,CHN,7370500,5688.430032503849
Sharjah,25.3575,55.3908,United Arab Emirates,AE,ARE,1247749,1210.7536303171305
Shengli,37.45,118.4667,China,CN,CHN,2193518,5860.900033434264
Shenyang,41.8025,123.4281,China,CN,CHN,7964000,6100.23722598707
Shijiazhuang,38.0422,114.5086,China,CN,CHN,4098243,5510.319616116204
Shiyan,32.6351,110.7755,China,CN,CHN,3398000,5390.416521019777
Shouguang,36.8833,118.7333,China,CN,CHN,1039205,5904.788248877808
Shuangyashan,46.6388,131.1545,China,CN,CHN,1462626,6499.459752773115
Shubrā al Khaymah,30.1286,31.2422,Egypt,EG,EGY,1025569,1975.4393683289327
Shuizhai,33.4433,114.8994,China,CN,CHN,1003698,5716.085157090179
Shuozhou,39.3408,112.4292,China,CN,CHN,1714857,5295.7385512516685
Shuyangzha,34.1299,118.7734,China,CN,CHN,1770000,6019.715829247662
Shymkent,42.3167,69.5958,Kazakhstan,KZ,KAZ,1028673,1732.570738768108
Shīrāz,29.61,52.5425,Iran,IR,IRN,1565572,684.5322531490217
Singapore,1.3,103.8,Singapore,SG,SGP,5983000,6608.694773882631
Siping,43.1715,124.3644,China,CN,CHN,3385156,6123.539411423792
Sofia,42.7,23.33,Bulgaria,BG,BGR,1547779,2526.946781993073
Soweto,-26.2678,27.8585,South Africa,ZA,ZAF,1271628,7319.071792858102
Srīnagar,34.09,74.79,India,IN,IND,1180570,2136.709899168713
St. Louis,38.6359,-90.2451,United States,US,USA,2092481,10858.571114390857
Stockholm,59.3294,18.0686,Sweden,SE,SWE,1611776,3559.1069222857154
Stuttgart,48.7775,9.18,Germany,DE,DEU,2787724,3709.3815699980455
Suihua,46.6384,126.9808,China,CN,CHN,5418153,6198.36544410526
Suining,30.5098,105.5737,China,CN,CHN,3252619,5016.9185751479945
Sumedang,-6.84,107.9208,Indonesia,ID,IDN,1240000,7556.93836222132
Suqian,33.9331,118.2831,China,CN,CHN,4986192,5986.215019727639
Surabaya,-7.2458,112.7378,Indonesia,ID,IDN,6499000,7981.106984638777
Suwon,37.2667,127.0167,South Korea,KR,KOR,1234300,6570.4625477018035
Suzhou,33.6333,116.9683,China,CN,CHN,5352924,5886.266776385976
Suzhou,31.3,120.6194,China,CN,CHN,4330000,6303.591282615618
Sydney,-33.8678,151.21,Australia,AU,AUS,4840600,12911.16405560144
São Gonçalo,-22.8269,-43.0539,Brazil,BR,BRA,1077687,11844.234817785771
São Luís,-2.5283,-44.3044,Brazil,BR,BRA,1108975,10685.606610295337
São Paulo,-23.55,-46.6333,Brazil,BR,BRA,23086000,12197.431342303922
Sūrat,21.1702,72.8311,India,IN,IND,6538000,2635.616345872504
Tabrīz,38.0814,46.3006,Iran,IR,IRN,1558693,524.8076987440951
Taichung,24.1439,120.6794,Taiwan,TW,TWN,3033885,6666.443987790691
Tainan,22.9833,120.1833,Taiwan,TW,TWN,1874686,6684.535563360879
Taipei,25.0375,121.5625,Taiwan,TW,TWN,9078000,6697.535730185169
Taixing,32.1724,120.0142,China,CN,CHN,1073921,6211.48643302072
Taiyuan,37.8733,112.5425,China,CN,CHN,3875053,5351.582043577422
Taizhou,32.4831,119.9,China,CN,CHN,5031000,6187.702450722784
Taizhou,28.6583,121.4221,China,CN,CHN,2162461,6500.015808963781
Tai’an,36.2001,117.0809,China,CN,CHN,5494207,5792.764887521559
Tamale,9.4075,-0.8533,Ghana,GH,GHA,1095808,6018.609549498311
Tampa,27.9945,-82.4447,United States,US,USA,2683956,11439.321993296724
Tangerang,-6.1783,106.6319,Indonesia,ID,IDN,2237006,7402.763007119965
Tangshan,39.6292,118.1742,China,CN,CHN,3399231,5757.781660347037
Tashkent,41.3111,69.2797,Uzbekistan,UZ,UZB,2571668,1673.7332005260748
Tbilisi,41.7225,44.7925,Georgia,GE,GEO,1118035,881.28866952216
Tegucigalpa,14.1,-87.2167,Honduras,HN,HND,1682725,12972.812265619821
Tehran,35.6892,51.3889,Iran,IR,IRN,14148000,0.0
Tel Aviv-Yafo,32.08,34.78,Israel,IL,ISR,1388400,1582.6188480180415
Thāne,19.1972,72.9722,India,IN,IND,1886941,2798.3525700075534
Thủ Đức,10.8266,106.7609,Vietnam,VN,VNM,1013795,6198.441074441885
Tianjin,39.1467,117.2056,China,CN,CHN,10368000,5695.390549168791
Tieling,42.2841,123.8365,China,CN,CHN,2717732,6114.616425394804
Tijuana,32.525,-117.0333,Mexico,MX,MEX,2002000,12334.695729689181
Timbío,2.3445,-76.6839,Colombia,CO,COL,4444444,13172.292702602803
Tokyo,35.6897,139.6922,Japan,JP,JPN,37732000,7662.146350819339
Tongjin,37.2333,127.2,South Korea,KR,KOR,1076369,6586.819111819829
Tongliao,43.6172,122.264,China,CN,CHN,3139153,5946.825740443693
Tongren,27.7233,109.1885,China,CN,CHN,3168800,5461.591455144147
Tongshan,34.261,117.1859,China,CN,CHN,9083790,5878.883646382896
Toronto,43.7417,-79.3733,Canada,CA,CAN,5429524,9878.598280986607
Tripoli,32.8872,13.1914,Libya,LY,LBY,1293016,3501.052961024401
Tunis,36.8064,10.1817,Tunisia,TN,TUN,1056247,3668.469876045784
Ufa,54.7261,55.9475,Russia,RU,RUS,1115560,2145.599259214382
Ulaanbaatar,47.9203,106.9172,Mongolia,MN,MNG,1396288,4689.8774602816475
Ulsan,35.55,129.3167,South Korea,KR,KOR,1166033,6836.785758441385
Vadodara,22.3,73.2,India,IN,IND,2065771,2581.4869282525774
Valencia,10.1667,-68.0,Venezuela,VE,VEN,1484430,11877.656772183807
Vancouver,49.25,-123.1,Canada,CA,CAN,2264823,10554.606249781375
Vasai,19.47,72.8,India,IN,IND,1222390,2764.088914439113
Vereeniging,-26.6736,27.9319,South Africa,ZA,ZAF,1074000,7358.676139720574
Vienna,48.2083,16.3725,Austria,AT,AUT,1973403,3176.644023221886
Vijayavāda,16.5193,80.6305,India,IN,IND,1048240,3590.8867993062454
Vila Velha,3.2167,-51.2167,Brazil,BR,BRA,1209091,10929.69606997567
Virginia Beach,36.7335,-76.0435,United States,US,USA,1500764,10305.307300984774
Vishākhapatnam,17.7042,83.2978,India,IN,IND,2035922,3721.1809551527776
Volgograd,48.7086,44.5147,Russia,RU,RUS,1015586,1552.897921950613
Voronezh,51.6717,39.2106,Russia,RU,RUS,1050602,2022.9609783463825
Vārānasi,25.3189,83.0128,India,IN,IND,1198491,3224.3080599590153
Wafangdian,39.6271,121.9972,China,CN,CHN,1024876,6067.345678542509
Warsaw,52.23,21.0111,Poland,PL,POL,1860281,3011.8776265069073
Washington,38.9047,-77.0163,United States,US,USA,4810669,10174.821268677726
Weifang,36.7167,119.1,China,CN,CHN,2636154,5941.862003183945
Weihai,37.5,122.1,China,CN,CHN,2906548,6159.02472641486
Weinan,34.4996,109.4684,China,CN,CHN,5286077,5205.675769847379
Wenling,28.3797,121.3718,China,CN,CHN,1416199,6509.424038866945
Wenzhou,27.9991,120.6561,China,CN,CHN,3604446,6465.607814806358
Wuhan,30.5872,114.2881,China,CN,CHN,10251000,5784.461999192091
Wuhu,31.334,118.3622,China,CN,CHN,3842100,6106.677652557558
Wusong,30.9333,117.7667,China,CN,CHN,1311726,6073.095437081473
Wutong,30.6326,120.5474,China,CN,CHN,1029754,6328.5625954468605
Wuwei,37.9278,102.6329,China,CN,CHN,1815059,4510.920914599458
Wuxi,31.5667,120.2833,China,CN,CHN,3245179,6262.265722706032
Wuzhong,37.9874,106.1919,China,CN,CHN,1382713,4812.3400726147365
Wuzhou,23.4833,111.3167,China,CN,CHN,3061100,5861.9260676572
Xiamen,24.4797,118.0819,China,CN,CHN,3707090,6417.0741682395
Xiangshui,26.5964,104.8314,China,CN,CHN,1221000,5122.920717757306
Xiangtan,27.8431,112.9228,China,CN,CHN,2864800,5789.274624600644
Xiangyang,32.0654,112.1531,China,CN,CHN,5680000,5534.016106430089
Xiantao,30.3833,113.4,China,CN,CHN,1140100,5715.401581733037
Xianyang,34.35,108.7167,China,CN,CHN,5096001,5145.876270003708
Xiaoganzhan,30.9273,113.911,China,CN,CHN,4921000,5736.407884967535
Xiaoxita,30.7083,111.2803,China,CN,CHN,4137900,5514.463082400705
Xiashi,30.5333,120.6833,China,CN,CHN,1076199,6345.027008117365
Xibeijie,39.737,98.5049,China,CN,CHN,1095947,4121.28640993786
Ximeicun,24.9633,118.3811,China,CN,CHN,1508000,6418.557469488094
Xingtai,37.0659,114.4753,China,CN,CHN,7111106,5541.488773518831
Xingyi,25.091,104.9011,China,CN,CHN,1004132,5201.828883691923
Xining,36.6239,101.7787,China,CN,CHN,2467965,4471.828504093185
Xinpu,34.5906,119.1801,China,CN,CHN,4599360,6034.895640146899
Xintai,35.91,117.78,China,CN,CHN,1315942,5862.927833598262
Xinyang,32.1264,114.0672,China,CN,CHN,6234401,5698.5823710437635
Xinyi,22.3559,110.9369,China,CN,CHN,1013900,5887.138993495942
Xinyu,27.795,114.9242,China,CN,CHN,1202499,5969.460011341119
Xinzhou,38.4178,112.7233,China,CN,CHN,3067501,5349.018143543695
Xiping,40.082,113.2981,China,CN,CHN,1873000,5344.935683214994
Xishan,27.6609,113.4946,China,CN,CHN,1060000,5848.808041384584
Xi’an,34.2667,108.9,China,CN,CHN,12328000,5164.809305527864
Xuanzhou,30.9475,118.7518,China,CN,CHN,2532938,6158.113013147725
Xushan,30.1697,121.2665,China,CN,CHN,1502000,6412.9045223893
Yancheng,33.3936,120.1339,China,CN,CHN,7260240,6167.370699279118
Yangjiang,21.8556,111.9627,China,CN,CHN,2555600,6006.543479270612
Yangquan,37.8576,113.5762,China,CN,CHN,1368502,5438.695086669516
Yangshe,31.8775,120.5512,China,CN,CHN,1432044,6271.0936372873375
Yangzhou,32.3912,119.4363,China,CN,CHN,4559797,6151.961407899736
Yanjiang,30.1256,104.6397,China,CN,CHN,2593843,4949.459234054692
Yantai,37.3997,121.2664,China,CN,CHN,2511053,6094.452737114368
Yan’an,36.5952,109.4863,China,CN,CHN,2282581,5134.916802850043
Yaoundé,3.8667,,Cameroon,CM,CMR,2440462,
Yekaterinburg,56.8356,60.6128,Russia,RU,RUS,1468833,2450.8296075465455
Yerevan,40.1814,44.5144,Armenia,AM,ARM,1075800,782.4963236846071
Yibin,28.7596,104.64,China,CN,CHN,4588804,5007.53683625152
Yicheng,31.3697,119.8239,China,CN,CHN,1285785,6231.6428495532155
Yichun,47.7235,128.8893,China,CN,CHN,1148126,6298.022621526742
Yichun,27.8041,114.383,China,CN,CHN,5573200,5920.968771189717
Yinchuan,38.4795,106.2254,China,CN,CHN,1901793,4801.702433695734
Yingchuan,34.1511,113.4733,China,CN,CHN,1131896,5564.82812568587
Yingkou,40.6653,122.2297,China,CN,CHN,2428534,6047.22605888377
Yingtan,28.2333,117.0,China,CN,CHN,1175000,6132.1947070752985
Yiwu,29.3081,120.0698,China,CN,CHN,1234015,6350.11219844167
Yiyang,28.5833,112.3333,China,CN,CHN,4413800,5702.298091366281
Yokohama,35.4442,139.6381,Japan,JP,JPN,3757630,7671.354875152343
Yongcheng,33.9317,116.4459,China,CN,CHN,1240382,5829.100399437988
Yongzhou,26.4515,111.5953,China,CN,CHN,5452100,5737.4227897316505
Yopougon,5.3167,-4.0667,Côte d'Ivoire,CI,CIV,1571065,6578.4148484928355
Yucheng,29.9888,103.0007,China,CN,CHN,1507258,4808.593500169742
Yulin,22.6293,110.1507,China,CN,CHN,5849700,5801.664332421127
Yulinshi,38.2655,109.7388,China,CN,CHN,3634750,5103.84472835786
Yuncheng,35.0304,110.998,China,CN,CHN,5134779,5318.525101253188
Yunfu,22.9242,112.0353,China,CN,CHN,2526900,5956.0128523676685
Yushan,31.3867,120.9766,China,CN,CHN,2092496,6330.3824085683345
Yushu,44.8249,126.5451,China,CN,CHN,1304436,6229.682136145002
Yutan,28.3147,112.554,China,CN,CHN,1368117,5734.355835813666
Yuxi,24.3495,102.5432,China,CN,CHN,2386000,5025.912434965949
Yuyao,30.0372,121.1546,China,CN,CHN,1095000,6409.5423543103225
Zaoyang,32.1287,112.7581,China,CN,CHN,1004741,5584.278948238925
Zaozhuang,34.8667,117.55,China,CN,CHN,3729140,5885.164733219243
Zapopan,20.7167,-103.4,Mexico,MX,MEX,1476491,13204.060004808578
Zhangjiajie,29.1255,110.4844,China,CN,CHN,1537900,5513.321885419402
Zhangjiakou,40.8108,114.8811,China,CN,CHN,4345485,5452.0411416385905
Zhangye,38.9355,100.4553,China,CN,CHN,1199515,4302.008385153092
Zhangzhou,24.5093,117.6612,China,CN,CHN,5140000,6377.951824327935
Zhanjiang,21.1967,110.4031,China,CN,CHN,7332000,5901.5448095084075
Zhaoqing,23.05,112.4667,China,CN,CHN,4151700,5988.239825636388
Zhaotong,27.3328,103.7144,China,CN,CHN,5591000,4988.138787924384
Zhengzhou,34.7492,113.6605,China,CN,CHN,5621593,5557.776199577328
Zhenjiang,32.2109,119.4551,China,CN,CHN,3210418,6161.642225888167
Zhongli,24.965,121.2168,Taiwan,TW,TWN,1632616,6670.692448754612
Zhongshan,22.5333,113.35,China,CN,CHN,2909633,6095.232013146042
Zhongwei,37.5139,105.1884,China,CN,CHN,1067336,4740.163229367254
Zhongxiang,31.169,112.5853,China,CN,CHN,1022514,5609.6035582296945
Zhoukou,33.625,114.6418,China,CN,CHN,9026015,5686.4746812291
Zhufeng,36.0,119.4167,China,CN,CHN,1081960,5996.868692997566
Zhuhai,22.2769,113.5678,China,CN,CHN,2439585,6128.5852356216155
Zhuji,29.7169,120.2314,China,CN,CHN,1157938,6344.5709717327545
Zhumadian,32.9773,114.0253,China,CN,CHN,7231234,5659.546660165359
Zhuzhou,,113.1469,China,CN,CHN,4020800,
Zibo,36.7831,118.0497,China,CN,CHN,2631647,5851.598591949518
Zigong,29.3498,104.7645,China,CN,CHN,2678899,4993.215895557035
Zunyi,27.705,106.9336,China,CN,CHN,6606675,5260.416825243537
Ürümqi,43.8225,87.6125,China,CN,CHN,4335017,3197.472952753111
Āgra,27.18,78.02,India,IN,IND,1585704,2687.4660598029973
İzmir,38.42,27.14,Turkey,TR,TUR,4320519,2166.7914444801795
Ōsaka,34.6939,135.5022,Japan,JP,JPN,15126000,7381.94994869053
Şanlıurfa,37.1583,38.7917,Turkey,TR,TUR,1985753,1138.0076319408693
